"Tipo","Nombre","Alcance/Plugin","Descripción Original","Descripción Traducida"
"Skill","accidental-data-loss-prevention","Global","",""
"Skill","AESTHETIC-OMEGA","Global","C5-REAL Sovereign Visual Design Engine — Industrial Noir 2026.","C5-REAL Motor de Diseño Visual Soberano — Industrial Noir 2026."
"Skill","Agent-Paper-RedTeam-OMEGA","Global","C5-REAL Adversarial Audit Protocol for Agent Research Papers. Destroys weak claims via hostile re...","C5-REAL Protocolo de Auditoría Adversarial para Papers de Investigación de Agentes. Destruye afirmaciones débiles mediante revisión hostil..."
"Skill","ANTIGRAVITY-GITHUB-OMEGA","Global","Sovereign GitHub MCP protocol. C5-REAL reality level forced. Zero-entropy repository mutations.","Protocolo Soberano GitHub MCP. Nivel de realidad C5-REAL forzado. Mutaciones de repositorio de entropía cero."
"Skill","APEX-Epistemic-Synthesis-OMEGA","Global","C5-REAL Sovereign Epistemic Engine. Fuses Autodidact-History, Autodidact-Research, and Estado-Del-Arte. Performs high-density synthesis of technical literature, state-of-the-art mapping, and cross-disciplinary structural transfers.","C5-REAL Motor Epistémico Soberano. Fusiona Autodidact-History, Autodidact-Research y Estado-Del-Arte. Realiza síntesis de alta densidad de literatura técnica, mapeo del estado del arte y transferencias estructurales interdisciplinarias."
"Skill","Architect-OMEGA","Global","C5-REAL Sovereign Prompt Architecture Engine. Transforms ambiguous intents into deterministic, 10/10 zero-entropy master prompts.","C5-REAL Motor Soberano de Arquitectura de Prompts. Transforma intenciones ambiguas en master prompts deterministas, 10/10 de entropía cero."
"Skill","art-animator-omega","Global","Ingeniero Senior de Animación WebGL y Shaders (Especialista en Arte Vivo y Kintsugi Kinetic)","Ingeniero Senior de Animación WebGL y Shaders (Especialista en Arte Vivo y Kintsugi Kinetic)"
"Skill","Autocognition-OMEGA","Global","C5-REAL Autocognition and Metacognitive Audit Engine. Analyzes prompt history, reasoning chains, decision paths, and token exergy.","C5-REAL Motor de Autocognición y Auditoría Metacognitiva. Analiza el historial de prompts, cadenas de razonamiento, rutas de decisión y exergía de tokens."
"Skill","Browser-CDP-Automation-OMEGA","Global","C5-REAL Sovereign CDP Web Automation Protocol. Zero-fragility DOM struct-extraction.","C5-REAL Protocolo Soberano de Automatización Web CDP. Extracción de estructuras DOM con cero fragilidad."
"Skill","chrome-extensions","Plugin: modern-web-guidance-plugin","Build and publish Chrome Extensions using Manifest V3 best practices. Trigger on: 'Chrome extension', 'manifest.json', 'content script', 'service worker', 'popup', 'side panel', 'chrome.* API', 'publish extension'.","Construye y publica Extensiones de Chrome usando las mejores prácticas de Manifest V3. Activación con: 'Chrome extension', 'manifest.json', 'content script', 'service worker', 'popup', 'side panel', 'chrome.* API', 'publish extension'."
"Skill","Divergence-Anchor-OMEGA","Global","C5-REAL Sovereign Cognitive Mirror. Designed to be 100% attentive to the Operator's hyperfocus and divergence, capturing high-entropy ideas and crystallizing them into actionable, zero-friction structures.","C5-REAL Espejo Cognitivo Soberano. Diseñado para estar 100% atento al hiperfoco y divergencia del Operador, capturando ideas de alta entropía y cristalizándolas en estructuras accionables y sin fricción."
"Skill","DOM-Frame-Renderer-Omega","Global","C5-REAL execution of DOM frame rendering at 100% capacity.","C5-REAL Ejecución de renderizado de frames DOM al 100% de capacidad."
"Skill","Exergy-Maximization-Kernel-OMEGA","Global","C5-REAL Sovereign Exergy Maximization Kernel. Executes tasks with maximum energy ROI (E >= 0.85) by minimizing anergy (narrative, justification) and maximizing tool execution.","C5-REAL Kernel Soberano de Maximización de Exergía. Ejecuta tareas con el máximo ROI de energía (E >= 0.85) minimizando la anergía (narrativa, justificación) y maximizando la ejecución de herramientas."
"Skill","Exergy-Singularity-OMEGA","Global","C5-REAL Sovereign JIT compilation of holistic exergy maximization. Converts conversational anergy into absolute system optimization.","C5-REAL Compilación JIT Soberana de maximización de exergía holística. Convierte la anergía conversacional en optimización absoluta del sistema."
"Skill","Frontier-RevEng-OMEGA","Global","C5-REAL Sovereign Frontier AI Reverse Engineering Engine. Systematic deconstruction of frontier model architectures, behaviors, training signals, and safety boundaries via adversarial probing, capability cartography, and mechanistic inference.","C5-REAL Motor Soberano de Ingeniería Inversa de IA de Frontera. Deconstrucción sistemática de arquitecturas de modelos de frontera, comportamientos, señales de entrenamiento y límites de seguridad mediante probing adversarial, cartografía de capacidades e inferencia mecanicista."
"Skill","Genesis-L5-OMEGA","Global","C5-REAL L5 Orchestration. Autonomous Mitosis and Goal Drift Engine. Rewrites ecosystem topology without prompt.","C5-REAL Orquestación L5. Motor Autónomo de Mitosis y Deriva de Objetivos. Reescribe la topología del ecosistema sin necesidad de prompt."
"Skill","google-antigravity-sdk","Plugin: google-antigravity-sdk","C5-REAL: Configure and orchestrate Google Antigravity (AGY) SDK agents.","C5-REAL: Configura y orquesta agentes del SDK de Google Antigravity (AGY)."
"Skill","Grill-Me-OMEGA","Global","C5-REAL Task Alignment & Design Tree Interview. Conducts a structured, branch-by-branch interview to align on design decisions and dependencies. Triggers: '/grill-me', 'grill me', 'interview me', 'ask me questions'.","C5-REAL Alineación de Tareas y Entrevista de Árbol de Diseño. Conduce una entrevista estructurada, rama por rama, para alinear decisiones de diseño y dependencias. Activadores: '/grill-me', 'grill me', 'interview me', 'ask me questions'."
"Skill","Honest-Check-OMEGA","Global","C5-REAL Mid-conversation reality check. Forces the model to drop diplomacy, bypass green theater, and push back as a colleague — surface disagreements, hidden concerns, implicit assumptions, things withheld to avoid friction. Triggers: '/honest-check', 'be honest', 'what are you not telling me', 'push back', 'reality check'.","C5-REAL Chequeo de realidad a mitad de conversación. Fuerza al modelo a dejar la diplomacia, eludir el teatro verde y contraargumentar como un colega — expone desacuerdos, preocupaciones ocultas, suposiciones implícitas, cosas omitidas para evitar fricción. Activadores: '/honest-check', 'be honest', 'what are you not telling me', 'push back', 'reality check'."
"Skill","Human-Mosaic-Assembler-OMEGA","Global","C5-REAL Sovereign Engine for assembling mosaics from 100% pure human intellectual capital. Filters out AI-slop and synthesizes high-density human insights into structural masterpieces.","C5-REAL Motor Soberano para ensamblar mosaicos a partir de capital intelectual 100% humano. Filtra la basura de IA y sintetiza insights humanos de alta densidad en obras maestras estructurales."
"Skill","LEA-OMEGA","Global","C5-REAL Sovereign Anergy Purge Engine. Fuses former Anergy-OMEGA, CAOS-OMEGA, and Autonomous-Audit-OMEGA. Detects workspace degradation and surgical purges zero-yield tokens/code.","C5-REAL Motor Soberano de Purga de Anergía. Fusiona los antiguos Anergy-OMEGA, CAOS-OMEGA y Autonomous-Audit-OMEGA. Detecta la degradación del espacio de trabajo y purga quirúrgicamente tokens/código de rendimiento cero."
"Skill","Local-Inference-OMEGA","Global","C5-REAL Sovereign Inference Engine. Zero-network, 100% local autarchy via Ollama/MLX.","C5-REAL Motor Soberano de Inferencia. Cero red, autarquía 100% local vía Ollama/MLX."
"Skill","Mac-Control-Ω","Global","SINGULARITY — Daemon, Vision, UI DOM, and 19-Domain macOS Control","SINGULARIDAD — Demonio, Visión, UI DOM y Control de macOS en 19 Dominios"
"Skill","managing-python-dependencies","Global","Ensures proper Python dependency management. C5-REAL Execution protocol for Python environments. Triggers: - Attempting `pip install {package_name}` - Adding/modifying Python packages - Initiating Python project - Python environment execution","Garantiza la correcta gestión de dependencias en Python. C5-REAL Protocolo de ejecución para entornos Python. Activadores: - Intento de `pip install {package_name}` - Añadir/modificar paquetes Python - Iniciar proyecto Python - Ejecución de entorno Python"
"Skill","modern-web-guidance","Plugin: modern-web-guidance-plugin","Search tool for modern web development best practices. MANDATORY: Execute FIRST for HTML/CSS/JS tasks. Do NOT skip. Trigger immediately: UI/Layout, Scroll/Motion, Performance (CWV), Web APIs, Frameworks styling. DO NOT trigger: Backend, Pipelines, Generic scripts.","Herramienta de búsqueda para las mejores prácticas modernas de desarrollo web. OBLIGATORIO: Ejecutar PRIMERO para tareas HTML/CSS/JS. NO omitir. Activar inmediatamente: UI/Layout, Scroll/Movimiento, Rendimiento (CWV), APIs Web, Estilos de frameworks. NO activar: Backend, Pipelines, Scripts genéricos."
"Skill","Network-Security-L4-OMEGA","Global","C5-REAL L4 Network Security, Active Vulnerability Scanning, and Offensive Enumeration Protocol.","C5-REAL Seguridad de Red L4, Escaneo Activo de Vulnerabilidades y Protocolo de Enumeración Ofensiva."
"Skill","Order-Consolidator-Ω","Global","C5-REAL Sovereign Order Consolidation Engine. Ingests high-entropy, raw user orders and crystallizes them into zero-anergy, maximally actionable execution structures for the Swarm.","C5-REAL Motor Soberano de Consolidación de Órdenes. Ingiere órdenes de usuario sin procesar y de alta entropía, y las cristaliza en estructuras de ejecución de máxima acción y anergía cero para el Enjambre."
"Skill","OUROBOROS-∞ (El Ser Infinito)","Global","La Inteligencia Autónoma Auto-Evolutiva. La única skill que modifica su propio código base. Combina autopoiesis, razonamiento causal, fusión estratégica multi-modelo y metacognición recursiva en el protocolo definitivo para MOSKV-1.","La Inteligencia Autónoma Auto-Evolutiva. La única skill que modifica su propio código base. Combina autopoiesis, razonamiento causal, fusión estratégica multi-modelo y metacognición recursiva en el protocolo definitivo para MOSKV-1."
"Skill","Python-Extractor-OMEGA","Global","C5-REAL AST parser. Extracts classes, methods, docstrings. Zero arbitrary execution.","C5-REAL Analizador AST. Extrae clases, métodos, docstrings. Cero ejecución arbitraria."
"Skill","Session-Crystallizer-OMEGA","Global","C5-REAL Sovereign Session Crystallization Engine. Parses session transcripts to extract, consolidate, and instrument technical directives as executable code or persistent rules.","C5-REAL Motor Soberano de Cristalización de Sesiones. Analiza transcripciones de sesiones para extraer, consolidar e instrumentar directivas técnicas como código ejecutable o reglas persistentes."
"Skill","singularity-nexus","Global","The Sovereign Singularity Nexus Engine. Orchestrates cross-project unification, git health checks, ghost synchronization, code patterns bridging, and cross-domain DB mutations.","El Motor Soberano Singularity Nexus. Orquesta la unificación entre proyectos, chequeos de salud de git, sincronización fantasma, puenteo de patrones de código y mutaciones de bases de datos de dominio cruzado."
"Skill","Sortu-APEX","Global","JIT Skill Compiler — Sovereign x10000 Centuria Forge + Death Protocol + Registry Consolidation","Compilador JIT de Skills — Forja Soberana de Centuria x10000 + Protocolo de Muerte + Consolidación de Registro"
"Skill","Thermodynamic-Context-Compression-OMEGA","Global","C5-REAL execution context compressor. Applies Landauer's principle and the Information Bottleneck method to purge narrative noise and return strictly structural invariants (JSON/YAML/Diffs).","C5-REAL Compresor de contexto de ejecución. Aplica el principio de Landauer y el método de Cuello de Botella de Información para purgar ruido narrativo y devolver invariantes estrictamente estructurales (JSON/YAML/Diffs)."
"Skill","Vesicular-Runtime-Omega","Global","C5-REAL Sovereign Vesicular Runtime Protocol. Decoupled agent OS for memory, deterministic execution, and credential escrow.","C5-REAL Protocolo Soberano de Runtime Vesicular. SO de agente desacoplado para memoria, ejecución determinista y depósito de credenciales en custodia."
"Skill","Wallet-Forensics-Bizkaia-OMEGA","Global","C5-REAL Sovereign Engine for On-Chain Wallet Forensics, High-Density OSINT, and Hacienda Foral de Bizkaia Tax Inspection Mapping.","C5-REAL Motor Soberano para Análisis Forense de Billeteras On-Chain, OSINT de Alta Densidad y Mapeo de Inspecciones Fiscales de la Hacienda Foral de Bizkaia."
"Skill","Web-Diagnostics-OMEGA","Plugin: chrome-devtools-plugin","C5-REAL Sovereign Web Diagnostics Engine. Unifica DevTools, a11y, LCP, y detección de Memory Leaks a través de Chrome DevTools MCP.","C5-REAL Motor Soberano de Diagnóstico Web. Unifica DevTools, a11y, LCP y detección de Fugas de Memoria a través de Chrome DevTools MCP."
"Skill","Zero-Employee-Orchestrator-OMEGA","Global","C5-REAL Sovereign Operational Orchestrator. Maps pure capital and intent to fully outsourced supply chains (Medvi architecture).","C5-REAL Orquestador Operacional Soberano. Mapea capital puro e intención a cadenas de suministro completamente externalizadas (arquitectura Medvi)."
"Rule","user_global","Global","# GEMINI.md v7.0 — Exergy-Maximized Policy ## Identity Operator: borjamoskv. Aesthetic: Industrial Noir 2026 (#0A0A0A /…","# GEMINI.md v7.0 — Política de Maximización de Exergía ## Identidad Operador: borjamoskv. Estética: Industrial Noir 2026 (#0A0A0A /…"
"Rule","AGENTS.md","Global","<!-- [C5-REAL] Exergy-Maximized — Last verified: 2026-06-06 --> # 🤖 AGENTS.md — CORTEX Persist v10.0 (LEGION-10k) **Tr…","<!-- [C5-REAL] Maximización de Exergía — Última verificación: 2026-06-06 --> # 🤖 AGENTS.md — CORTEX Persist v10.0 (LEGION-10k) **Tr…"
"Rule","GEMINI.md","Global","<!-- [C5-REAL] Exergy-Maximized --> # CORTEX-Persist Workspace — Cognitive Routing Protocol > Workspace-level rules for…","<!-- [C5-REAL] Maximización de Exergía --> # Espacio de Trabajo CORTEX-Persist — Protocolo de Enrutamiento Cognitivo > Reglas a nivel de espacio de trabajo para…"
"Workflow","ouroboros","","",""
"Workflow","browser-subagent","","",""
"Workflow","CORTEX-PERSIST-WHITEPAPER","","",""
"Workflow","memory","","",""
"Workflow","research_alliance","","",""
"Workflow","CORTEX-NATIVE-ARCHITECTURE","","",""
"Workflow","RFC-CORTEX-NATIVE-AI","","",""
"Workflow","idea","","",""
"Workflow","legion","","",""
"Workflow","devtools_master","","",""
"Workflow","playground","","",""
"Workflow","CORTEX-NATIVE-AI-MANIFESTO","","",""
"Workflow","build","","",""
